INSERT INTO category (ID, NAME) values
(1, '모두가 좋아하는 든든한 메인요리'),
(2, '정성이 담긴 뜨끈한 국물요리'),
(3, '식탁을 풍성하게 하는 정갈한 밑반찬');

INSERT INTO item (CATEGORY_ID, NAME, DESCRIPTION, PRICE, STOCK, DISCOUNT_POLICY, DISCOUNT_RATE, MAIN_IMAGE_LINK) values
(1, '오리 주물럭_반조리', '감칠맛 나는 매콤한 양념', 15800, 10, "런칭특가", 20, "https://zipbanchan.godohosting.com/800X800px/3_main/1351_ZIP_P_0108_T.jpg"),
(1, '잡채', '탱글한 면발과 맛깔진 고명이 가득', 12900, 10, "이벤트특가", 10, "https://zipbanchan.godohosting.com/800X800px/3_main/310_ZIP_P_0012_T.jpg"),
(1, '매운돼지갈비찜', '촉촉하게 밴 양념이 일품', 28900, 10, "이벤트특가", 10, "https://zipbanchan.godohosting.com/800X800px/3_main/350_ZIP_P_0025_T.jpg"),
(1, '간장 코다리조림', '쫀득한 코다리를 국내산 간장소스에 조린 깊은 맛', 14900, 10, NULL, NULL, "https://zipbanchan.godohosting.com/800X800px/3_main/371_ZIP_P_0021_T.jpg"),
(1, '꼬막비빔밥', '매콤하게 입맛 돋우는', 10900, 10, NULL, NULL, "https://zipbanchan.godohosting.com/800X800px/3_main/417_ZIP_P_0041_T.jpg"),
(1, '궁중 떡볶이_반조리', '영양 듬뿍 프리미엄 간장 떡볶이', 7800, 10, NULL, NULL, "https://zipbanchan.godohosting.com/800X800px/3_main/1343_ZIP_P_0098_T.jpg"),
(1, '골뱅이무침_쿠킹박스', '골뱅이와 소면을 매콤하게 무쳐 호로록', 11800, 10, NULL, NULL, "http://zipbanchan.godohosting.com/800X800px/3_main/1260_ZIP_P_8045_T.jpg"),
(1, '쭈꾸미 한돈 제육볶음_반조림', '쫄깃한 쭈꾸미와 고소한 돼지고기의 만남', 16900, 10, NULL, NULL, "https://zipbanchan.godohosting.com/800X800px/3_main/1354_ZIP_P_0104_T.jpg"),
(2, '한돈 돼지김치찌개', '김치찌개에는 역시 돼지고기', 9300, 10, "이벤트특가", 10, "https://zipbanchan.godohosting.com/800X800px/9_soup/1364_ZIP_P_1043_T.jpg"),
(2, '된장찌개', '특별하지 않아서 더 좋은 우리맛', 8800, 10, "이벤트특가", 10, "https://zipbanchan.godohosting.com/800X800px/9_soup/1362_ZIP_P_1041_T.jpg"),
(2, '맑은 콩나물국', '국내산 콩나물로 건강하게', 7800, 10, "이벤트특가", 10, "https://zipbanchan.godohosting.com/800X800px/9_soup/1391_ZIP_P_2045_T.jpg"),
(2, '동태찌개', '겨울철 보양식으로 안성맞춤', 10900, 10, NULL, NULL, "https://zipbanchan.godohosting.com/800X800px/9_soup/1359_ZIP_P_1038_T.jpg"),
(2, '감자국', '국내산 감자라 더 고소한', 6900, 10, NULL, NULL, "https://zipbanchan.godohosting.com/800X800px/9_soup/1367_ZIP_P_1046_T.jpg"),
(2, '우리콩 강된장찌개', '우리콩으로 만들어 안심', 5800, 10, NULL, NULL, "https://zipbanchan.godohosting.com/800X800px/9_soup/659_ZIP_P_1029_T.jpg"),
(2, '순한 오징어무국', '부드럽고 담백한 국물', 11900, 10, NULL, NULL, "https://zipbanchan.godohosting.com/800X800px/9_soup/818_ZIP_P_1033_T.jpg"),
(3, '새콤달콤 오징어무침', '국내산 오징어를 새콤달콤하게', 6000, 10, "런칭특가", 20, "https://zipbanchan.godohosting.com/800X800px/8_muchim/48_ZIP_P_5008_T.jpg"),
(3, '호두 멸치볶음', '잔멸치와 호두가 만나 짭쪼름하게', 5800, 10, "이벤트특가", 10, "https://zipbanchan.godohosting.com/800X800px/7_fry/17_ZIP_P_6014_T.jpg"),
(3, '한돈 매콤 안심장조림', '부드러운 한돈 안심살의 매콤함', 6900, 10, "이벤트특가", 10, "https://zipbanchan.godohosting.com/800X800px/6_jolim/26_ZIP_P_4001_T.jpg"),
(3, '야채 어묵볶음', '첨가물 없는 순수어묵과 야채의 만남', 4900, 10, "이벤트특가", 10, "https://zipbanchan.godohosting.com/800X800px/7_fry/84_ZIP_P_6006_T.jpg"),
(3, '오이소박이', '깔끔하고 개운한 여름 김치', 7300, 10, "이벤트특가", 10, "https://zipbanchan.godohosting.com/800X800px/8_muchim/269_ZIP_P_5032_T.jpg"),
(3, '두부조림', '각종 영양이 가득 담긴', 6900, 10, NULL, NULL, "https://zipbanchan.godohosting.com/800X800px/6_jolim/268_ZIP_P_4023_T.jpg");


INSERT INTO item_image (ITEM_ID, IMAGE_LINK) values
(1, "http://zipbanchan.godohosting.com/detail_page/3_main/1351/1351_ZIP_P_0108_S.jpg"),
(1, "http://zipbanchan.godohosting.com/detail_page/3_main/1351/1351_ZIP_P_0108_damumsae.jpg"),
(2, "http://zipbanchan.godohosting.com/detail_page/3_main/310_ZIP_P_0012_S.jpg"),
(2, "http://zipbanchan.godohosting.com/detail_page/damumsae/19154.jpg"),
(3, "http://zipbanchan.godohosting.com/detail_page/3_main/350_ZIP_P_0025_S.jpg"),
(3, "http://zipbanchan.godohosting.com/detail_page/damumsae/191555.jpg"),
(4, "http://zipbanchan.godohosting.com/detail_page/3_main/371/371_ZIP_P_0021_S.jpg"),
(4, "http://zipbanchan.godohosting.com/detail_page/damumsae/19156.jpg"),
(5, "http://zipbanchan.godohosting.com/detail_page/3_main/417_ZIP_P_0041_S.jpg"),
(5, "http://zipbanchan.godohosting.com/detail_page/damumsae/10106.jpg"),
(6, "http://zipbanchan.godohosting.com/detail_page/3_main/1343/1343_ZIP_P_0098_S.jpg"),
(6, "http://zipbanchan.godohosting.com/detail_page/3_main/1343/1343_ZIP_P_0098_damumsae.jpg"),
(7, "http://zipbanchan.godohosting.com/detail_page/3_main/1260/1260_ZIP_P_8045_S.jpg"),
(7, "http://zipbanchan.godohosting.com/detail_page/3_main/1260/1260_ZIP_P_8045_damumsae.jpg"),
(8, "http://zipbanchan.godohosting.com/detail_page/3_main/1354/1354_ZIP_P_0104_S.jpg"),
(8, "http://zipbanchan.godohosting.com/detail_page/3_main/1354/1354_ZIP_P_0104_damumsae.jpg"),
(9, "http://zipbanchan.godohosting.com/detail_page/9_soup/1364_ZIP_P_1043_S.jpg"),
(9, "http://zipbanchan.godohosting.com/detail_page/damumsae/191555.jpg"),
(10, "http://zipbanchan.godohosting.com/detail_page/9_soup/1362_ZIP_P_1041_S.jpg"),
(10, "http://zipbanchan.godohosting.com/detail_page/damumsae/191555.jpg"),
(11, "http://zipbanchan.godohosting.com/detail_page/9_soup/1391_ZIP_P_2045_S.jpg"),
(11, "http://zipbanchan.godohosting.com/detail_page/damumsae/191555.jpg"),
(12, "http://zipbanchan.godohosting.com/detail_page/9_soup/1359_ZIP_P_1038_S.jpg"),
(12, "http://zipbanchan.godohosting.com/detail_page/damumsae/191555.jpg"),
(13, "http://zipbanchan.godohosting.com/detail_page/9_soup/1367_ZIP_P_1046_S.jpg"),
(13, "http://zipbanchan.godohosting.com/detail_page/damumsae/191555.jpg"),
(14, "http://zipbanchan.godohosting.com/detail_page/9_soup/659_ZIP_P_1029_S.jpg"),
(14, "http://zipbanchan.godohosting.com/detail_page/damumsae/191555.jpg"),
(15, "http://zipbanchan.godohosting.com/detail_page/9_soup/818_ZIP_P_1033_S.jpg"),
(15, "http://zipbanchan.godohosting.com/detail_page/damumsae/191555.jpg"),
(16, "http://zipbanchan.godohosting.com/detail_page/8_muchim/48_ZIP_P_5008_S.jpg"),
(16, "http://zipbanchan.godohosting.com/detail_page/damumsae/10104.jpg"),
(17, "http://zipbanchan.godohosting.com/detail_page/7_fry/17_ZIP_P_6014_S.jpg"),
(17, "http://zipbanchan.godohosting.com/detail_page/damumsae/10104.jpg"),
(18, "http://zipbanchan.godohosting.com/detail_page/6_jolim/26_ZIP_P_4001_S.jpg"),
(18, "http://zipbanchan.godohosting.com/detail_page/damumsae/10103.jpg"),
(19, "http://zipbanchan.godohosting.com/detail_page/7_fry/84_ZIP_P_6006_S.jpg"),
(19, "http://zipbanchan.godohosting.com/detail_page/damumsae/10104.jpg"),
(20, "http://zipbanchan.godohosting.com/detail_page/8_muchim/269_ZIP_P_5032_S.jpg"),
(20, "http://zipbanchan.godohosting.com/detail_page/damumsae/10104.jpg"),
(21, "http://zipbanchan.godohosting.com/detail_page/6_jolim/268_ZIP_P_4023_S.jpg"),
(21, "http://zipbanchan.godohosting.com/detail_page/damumsae/19154.jpg")
